Model,MAE,RMSE,R2
Gradient Boosting,0.38862465547697017,0.4736850626339746,0.0704605534147058
Ridge Regression,0.38991128505147715,0.4752808438192489,0.06418701740516264
Linear Regression,0.38991113192072413,0.475280924612632,0.06418669924589226
Random Forest,0.3966433505,0.48292563829375684,0.033840185177412496
Dummy Baseline,0.40368130688000003,0.49134845185534126,-0.00015573382584244122
