Model,MAE,RMSE,R2
Gradient Boosting,0.11401325363449137,0.14439093003996736,0.9136289354281955
Random Forest,0.11934699150000001,0.15255422543748995,0.903586704556897
Ridge Regression,0.12391445970877624,0.15747325543815668,0.897268872053961
Linear Regression,0.12391494749792825,0.15747345342369304,0.8972686137333947
Dummy Baseline,0.40368130688000003,0.49134845185534126,-0.00015573382584244122
