Model,MAE,RMSE,R2
Gradient Boosting,0.11401325363449134,0.14439093003996736,0.9136289354281955
Random Forest,0.11934691200000003,0.15255783507099857,0.9035821419723056
Ridge Regression,0.1239144597087763,0.15747325543815674,0.8972688720539609
Linear Regression,0.12391494749792817,0.15747345342369296,0.8972686137333948
Dummy Baseline,0.40368130688000003,0.49134845185534126,-0.00015573382584244122
